model,metric,condition,arch_a,arch_b,layers,mechanism,n,wilcoxon_stat,p_raw,p_holm,significant,rank_biserial,rrb_magnitude,median_diff,higher_complexity
gpt-4o,sloc,primary,Basic,AC,R,Single,164,359.5,3.6499217117271674e-18,5.109890396418034e-17,True,-0.9041716646674663,large,-3.0,AC
gpt-4o,sloc,primary,Basic,ACT,"R,T",Compound,164,441.5,1.48208737211579e-14,1.333878634904211e-13,True,-0.8499830105334693,large,-3.0,ACT
gpt-4o,sloc,primary,Basic,Debugger,D,Single,164,82.5,0.8957313174831765,1.0,False,-0.03508771929824561,negligible,0.0,Debugger
gpt-4o,sloc,primary,Basic,AC+Debugger,"R,D",Compound,164,52.5,0.254372927456583,1.0,False,-0.3137254901960784,moderate,0.0,AC+Debugger
gpt-4o,sloc,primary,Basic,ACT+Debugger,"R,T,D",Compound,164,206.5,3.805917712953423e-19,5.708876569430135e-18,True,-0.942156862745098,large,-3.0,ACT+Debugger
gpt-4o,sloc,primary,AC,ACT,T,Single,164,817.0,0.028894869297789397,0.144474346488947,False,0.3034953111679454,moderate,0.0,AC
gpt-4o,sloc,primary,AC,Debugger,R<->D,Swap,164,565.5,2.0841538203267583e-16,2.0841538203267583e-15,True,0.8516915814319433,large,3.0,AC
gpt-4o,sloc,primary,AC,AC+Debugger,D,Single,164,489.5,1.642680170363258e-16,1.8069481873995838e-15,True,0.8651515151515151,large,3.0,AC
gpt-4o,sloc,primary,AC,ACT+Debugger,"T,D",Compound,164,1353.0,0.7014277516020537,1.0,False,-0.05052631578947368,negligible,0.0,ACT+Debugger
gpt-4o,sloc,primary,ACT,Debugger,"R,T,D",Compound,164,691.5,1.0271231018394673e-12,8.216984814715738e-12,True,0.7775096525096525,large,3.0,ACT
gpt-4o,sloc,primary,ACT,AC+Debugger,T<->D,Swap,164,841.5,1.392660947312917e-11,9.748626631190419e-11,True,0.734039190897598,large,3.0,ACT
gpt-4o,sloc,primary,ACT,ACT+Debugger,D,Single,164,617.5,0.017975261264731448,0.10785156758838868,False,-0.34690639873083023,moderate,0.0,ACT+Debugger
gpt-4o,sloc,primary,Debugger,AC+Debugger,R,Single,164,41.0,0.2790722279637221,1.0,False,-0.31666666666666665,moderate,0.0,AC+Debugger
gpt-4o,sloc,primary,Debugger,ACT+Debugger,"R,T",Compound,164,421.5,2.335237063301724e-17,3.0358081822922415e-16,True,-0.8857878336268799,large,-3.0,ACT+Debugger
gpt-4o,sloc,primary,AC+Debugger,ACT+Debugger,T,Single,164,385.5,2.5193764289684665e-17,3.0358081822922415e-16,True,-0.8920168067226891,large,-3.0,ACT+Debugger
gpt-4o,cc,primary,Basic,AC,R,Single,164,626.5,2.94759360524966e-07,2.6528342447246942e-06,True,-0.6405622489959839,large,-1.0,AC
gpt-4o,cc,primary,Basic,ACT,"R,T",Compound,164,547.0,6.206110268620028e-08,7.075955465697654e-07,True,-0.6785189538642374,large,-1.0,ACT
gpt-4o,cc,primary,Basic,Debugger,D,Single,164,44.0,0.35115749688827136,1.0,False,-0.26666666666666666,small,0.0,Debugger
gpt-4o,cc,primary,Basic,AC+Debugger,"R,D",Compound,164,60.0,0.6745121773646626,1.0,False,0.11764705882352941,small,0.0,Basic
gpt-4o,cc,primary,Basic,ACT+Debugger,"R,T,D",Compound,164,628.0,5.896629554748045e-08,7.075955465697654e-07,True,-0.6642608928094093,large,-1.0,ACT+Debugger
gpt-4o,cc,primary,AC,ACT,T,Single,164,582.5,0.9534450564385155,1.0,False,0.00935374149659864,negligible,0.0,AC
gpt-4o,cc,primary,AC,Debugger,R<->D,Swap,164,635.5,1.7757396380638828e-06,1.4205917104511062e-05,True,0.6077160493827161,large,1.0,AC
gpt-4o,cc,primary,AC,AC+Debugger,D,Single,164,493.5,1.542631011863527e-08,2.159683416608938e-07,True,0.7099617984131649,large,1.0,AC
gpt-4o,cc,primary,AC,ACT+Debugger,"T,D",Compound,164,548.5,0.8677251117877972,1.0,False,-0.0274822695035461,negligible,0.0,ACT+Debugger
gpt-4o,cc,primary,ACT,Debugger,"R,T,D",Compound,164,586.0,2.6374701190418518e-06,1.8462290833292962e-05,True,0.6097236097236097,large,1.0,ACT
gpt-4o,cc,primary,ACT,AC+Debugger,T<->D,Swap,164,479.0,1.7337480822782893e-08,2.253872506961776e-07,True,0.7115326708822644,large,1.0,ACT
gpt-4o,cc,primary,ACT,ACT+Debugger,D,Single,164,507.0,0.9043517342898735,1.0,False,-0.020289855072463767,negligible,0.0,ACT+Debugger
gpt-4o,cc,primary,Debugger,AC+Debugger,R,Single,164,13.5,0.14766025556164986,0.8859615333698991,False,0.509090909090909,large,0.0,Debugger
gpt-4o,cc,primary,Debugger,ACT+Debugger,"R,T",Compound,164,573.5,2.1883215626169297e-07,2.1883215626169296e-06,True,-0.6546221017765733,large,-1.0,ACT+Debugger
gpt-4o,cc,primary,AC+Debugger,ACT+Debugger,T,Single,164,391.0,1.3598078640233315e-09,2.0397117960349973e-08,True,-0.7645287563986751,large,-1.0,ACT+Debugger
gpt-4o,halstead_volume,primary,Basic,AC,R,Single,164,1332.5,2.901522461355803e-07,3.42828060880161e-06,True,-0.5634725634725635,large,-22.22661380221565,AC
gpt-4o,halstead_volume,primary,Basic,ACT,"R,T",Compound,164,1196.0,2.371231607092057e-07,3.082601089219674e-06,True,-0.5782049021336625,large,-22.22661380221565,ACT
gpt-4o,halstead_volume,primary,Basic,Debugger,D,Single,164,117.0,0.13730518052768043,0.8238310831660826,False,-0.3333333333333333,moderate,0.0,Debugger
gpt-4o,halstead_volume,primary,Basic,AC+Debugger,"R,D",Compound,164,111.5,0.4202181337040959,1.0,False,-0.19202898550724637,small,2.1267483321057696,AC+Debugger
gpt-4o,halstead_volume,primary,Basic,ACT+Debugger,"R,T,D",Compound,164,1194.5,1.8006725500299016e-08,2.7010088250448524e-07,True,-0.6156692406692407,large,-20.41722446857757,ACT+Debugger
gpt-4o,halstead_volume,primary,AC,ACT,T,Single,164,997.5,0.6240442259228776,1.0,False,-0.06993006993006994,negligible,0.0,ACT
gpt-4o,halstead_volume,primary,AC,Debugger,R<->D,Swap,164,1385.0,2.944111620029876e-06,2.6497004580268884e-05,True,0.520595361716857,large,22.22661380221565,AC
gpt-4o,halstead_volume,primary,AC,AC+Debugger,D,Single,164,1375.0,1.5367894952290339e-06,1.536789495229034e-05,True,0.5327896704043493,large,24.35336213432142,AC
gpt-4o,halstead_volume,primary,AC,ACT+Debugger,"T,D",Compound,164,1017.0,0.5718380162191101,1.0,False,-0.08005427408412483,negligible,1.8093893336380802,ACT+Debugger
gpt-4o,halstead_volume,primary,ACT,Debugger,"R,T,D",Compound,164,1467.5,1.6187324894354488e-05,0.0001244896709157247,True,0.4824545935461118,moderate,22.22661380221565,ACT
gpt-4o,halstead_volume,primary,ACT,AC+Debugger,T<->D,Swap,164,1431.0,1.5561208864465588e-05,0.0001244896709157247,True,0.4857142857142857,moderate,24.35336213432142,ACT
gpt-4o,halstead_volume,primary,ACT,ACT+Debugger,D,Single,164,1061.0,0.9400936449424412,1.0,False,-0.010722610722610723,negligible,1.8093893336380802,ACT+Debugger
gpt-4o,halstead_volume,primary,Debugger,AC+Debugger,R,Single,164,25.0,0.15195618574341047,0.8238310831660826,False,0.45054945054945056,moderate,2.1267483321057696,Debugger
gpt-4o,halstead_volume,primary,Debugger,ACT+Debugger,"R,T",Compound,164,1331.5,2.856900507334675e-07,3.42828060880161e-06,True,-0.5638001638001638,large,-20.41722446857757,ACT+Debugger
gpt-4o,halstead_volume,primary,AC+Debugger,ACT+Debugger,T,Single,164,1275.5,1.927541154218217e-07,2.6985576159055036e-06,True,-0.5744787322768974,large,-22.54397280068334,ACT+Debugger
gpt-4o,halstead_difficulty,primary,Basic,AC,R,Single,164,944.0,6.810300172312953e-09,9.534420241238134e-08,True,-0.6542124542124542,large,-0.8,AC
gpt-4o,halstead_difficulty,primary,Basic,ACT,"R,T",Compound,164,936.0,7.745480670162504e-08,7.745480670162504e-07,True,-0.6218181818181818,large,-0.8,ACT
gpt-4o,halstead_difficulty,primary,Basic,Debugger,D,Single,164,94.0,0.10950803070119183,0.6570481842071509,False,-0.37333333333333335,moderate,0.04444444444444451,Debugger
gpt-4o,halstead_difficulty,primary,Basic,AC+Debugger,"R,D",Compound,164,77.0,0.1807753160724742,0.8144219877847986,False,-0.3333333333333333,moderate,0.14444444444444438,AC+Debugger
gpt-4o,halstead_difficulty,primary,Basic,ACT+Debugger,"R,T,D",Compound,164,880.5,1.1657757065328317e-09,1.7486635597992475e-08,True,-0.6835579514824798,large,-0.8,ACT+Debugger
gpt-4o,halstead_difficulty,primary,AC,ACT,T,Single,164,926.0,0.4455305012080558,1.0,False,-0.10961538461538461,small,0.0,ACT
gpt-4o,halstead_difficulty,primary,AC,Debugger,R<->D,Swap,164,1101.5,3.50890237357185e-07,2.80712189885748e-06,True,0.5806205977536646,large,0.8444444444444446,AC
gpt-4o,halstead_difficulty,primary,AC,AC+Debugger,D,Single,164,1038.5,6.753879376049772e-08,7.429267313654749e-07,True,0.6122106049290515,large,0.9444444444444444,AC
gpt-4o,halstead_difficulty,primary,AC,ACT+Debugger,"T,D",Compound,164,859.0,0.16288439755695971,0.8144219877847986,False,-0.19906759906759908,small,0.0,ACT+Debugger
gpt-4o,halstead_difficulty,primary,ACT,Debugger,"R,T,D",Compound,164,1099.0,5.635001549081729e-07,3.94450108435721e-06,True,0.5732867404387497,large,0.8444444444444446,ACT
gpt-4o,halstead_difficulty,primary,ACT,AC+Debugger,T<->D,Swap,164,992.0,1.3427876602699915e-07,1.2085088942429924e-06,True,0.6071287128712871,large,0.9444444444444444,ACT
gpt-4o,halstead_difficulty,primary,ACT,ACT+Debugger,D,Single,164,935.5,0.48450036393107654,1.0,False,-0.10048076923076923,small,0.0,ACT+Debugger
gpt-4o,halstead_difficulty,primary,Debugger,AC+Debugger,R,Single,164,34.0,0.421578895217645,1.0,False,0.25274725274725274,small,0.09999999999999987,Debugger
gpt-4o,halstead_difficulty,primary,Debugger,ACT+Debugger,"R,T",Compound,164,1043.5,2.653563034890886e-08,3.184275641869063e-07,True,-0.6249775381850854,large,-0.8444444444444446,ACT+Debugger
gpt-4o,halstead_difficulty,primary,AC+Debugger,ACT+Debugger,T,Single,164,958.5,8.969094477666925e-09,1.1659822820967003e-07,True,-0.6489010989010989,large,-0.9444444444444444,ACT+Debugger
gpt-4o,halstead_effort,primary,Basic,AC,R,Single,164,1315.5,2.2140368428647026e-07,3.0996515800105835e-06,True,-0.5690417690417691,large,-60.33141055105449,AC
gpt-4o,halstead_effort,primary,Basic,ACT,"R,T",Compound,164,1250.0,5.811824274785547e-07,7.547066148467146e-06,True,-0.5591606418621055,large,-76.83854465101217,ACT
gpt-4o,halstead_effort,primary,Basic,Debugger,D,Single,164,112.5,0.10956817671181156,0.6574090602708693,False,-0.358974358974359,moderate,0.0,Debugger
gpt-4o,halstead_effort,primary,Basic,AC+Debugger,"R,D",Compound,164,86.0,0.11374603825319686,0.6574090602708693,False,-0.37681159420289856,moderate,2.6643355571923095,AC+Debugger
gpt-4o,halstead_effort,primary,Basic,ACT+Debugger,"R,T,D",Compound,164,1154.5,9.039977748112816e-09,1.3559966622169224e-07,True,-0.6285392535392536,large,-52.88457593812329,ACT+Debugger
gpt-4o,halstead_effort,primary,AC,ACT,T,Single,164,936.0,0.37237778335311167,1.0,False,-0.12727272727272726,small,-16.507134099957682,ACT
gpt-4o,halstead_effort,primary,AC,Debugger,R<->D,Swap,164,1455.0,8.308374988572343e-06,7.477537489715109e-05,True,0.4963655244029076,moderate,60.33141055105449,AC
gpt-4o,halstead_effort,primary,AC,AC+Debugger,D,Single,164,1423.0,3.1739932888592864e-06,3.173993288859286e-05,True,0.5164797825348284,large,62.9957461082468,AC
gpt-4o,halstead_effort,primary,AC,ACT+Debugger,"T,D",Compound,164,978.0,0.314553926232904,1.0,False,-0.14135206321334504,small,7.446834612931198,ACT+Debugger
gpt-4o,halstead_effort,primary,ACT,Debugger,"R,T,D",Compound,164,1488.0,2.1642027778084737e-05,0.00015149419444659317,True,0.4752248280726503,moderate,76.83854465101217,ACT
gpt-4o,halstead_effort,primary,ACT,AC+Debugger,T<->D,Swap,164,1420.0,1.3262165124558879e-05,0.00010609732099647103,True,0.48966756513926324,moderate,79.50288020820449,ACT
gpt-4o,halstead_effort,primary,ACT,ACT+Debugger,D,Single,164,984.5,0.5652399747167757,1.0,False,-0.08205128205128205,negligible,23.95396871288888,ACT+Debugger
gpt-4o,halstead_effort,primary,Debugger,AC+Debugger,R,Single,164,34.0,0.421578895217645,1.0,False,0.25274725274725274,small,2.6643355571923095,Debugger
gpt-4o,halstead_effort,primary,Debugger,ACT+Debugger,"R,T",Compound,164,1381.5,6.243478557847602e-07,7.547066148467146e-06,True,-0.5474201474201474,large,-52.88457593812329,ACT+Debugger
gpt-4o,halstead_effort,primary,AC+Debugger,ACT+Debugger,T,Single,164,1344.5,5.805435498820881e-07,7.547066148467146e-06,True,-0.5514595496246872,large,-55.5489114953156,ACT+Debugger
gpt-4o,sloc,passing,Basic,AC,R,Single,127,177.0,2.71417412305087e-14,4.071261184576305e-13,True,-0.9154323936932632,large,-3.0,AC
gpt-4o,sloc,passing,Basic,ACT,"R,T",Compound,127,238.0,1.8460188248453703e-11,1.6614169423608333e-10,True,-0.8566696778078892,large,-3.0,ACT
gpt-4o,sloc,passing,Basic,Debugger,D,Single,127,21.5,0.30583828842444494,1.0,False,-0.3484848484848485,moderate,0.0,Debugger
gpt-4o,sloc,passing,Basic,AC+Debugger,"R,D",Compound,127,15.5,0.21946693040984377,1.0,False,-0.43636363636363634,moderate,0.0,AC+Debugger
gpt-4o,sloc,passing,Basic,ACT+Debugger,"R,T,D",Compound,127,128.5,3.445821648248697e-14,4.824150307548175e-13,True,-0.9328631138975967,large,-3.0,ACT+Debugger
gpt-4o,sloc,passing,AC,ACT,T,Single,127,393.5,0.46573431060589077,1.0,False,0.12846068660022147,small,0.0,AC
gpt-4o,sloc,passing,AC,Debugger,R<->D,Swap,127,353.5,3.02425531796414e-12,3.0242553179641396e-11,True,0.8347358578775128,large,3.0,AC
gpt-4o,sloc,passing,AC,AC+Debugger,D,Single,127,282.0,1.0102643192511768e-12,1.3133436150265298e-11,True,0.8622710622710623,large,3.0,AC
gpt-4o,sloc,passing,AC,ACT+Debugger,"T,D",Compound,127,533.5,0.5722813486481214,1.0,False,-0.09268707482993198,negligible,0.0,ACT+Debugger
gpt-4o,sloc,passing,ACT,Debugger,"R,T,D",Compound,127,446.0,1.2646002077814787e-09,8.852201454470351e-09,True,0.7559507523939808,large,3.0,ACT
gpt-4o,sloc,passing,ACT,AC+Debugger,T<->D,Swap,127,415.5,8.962733638882945e-10,7.170186911106356e-09,True,0.7672268907563026,large,3.0,ACT
gpt-4o,sloc,passing,ACT,ACT+Debugger,D,Single,127,244.0,0.16032109526168936,0.9619265715701362,False,-0.2672672672672673,small,0.0,ACT+Debugger
gpt-4o,sloc,passing,Debugger,AC+Debugger,R,Single,127,32.0,0.9287300745648026,1.0,False,-0.030303030303030304,negligible,0.0,AC+Debugger
gpt-4o,sloc,passing,Debugger,ACT+Debugger,"R,T",Compound,127,293.5,2.324299234486312e-12,2.5567291579349432e-11,True,-0.8534332084893883,large,-3.0,ACT+Debugger
gpt-4o,sloc,passing,AC+Debugger,ACT+Debugger,T,Single,127,262.0,1.4478106664218047e-12,1.7373727997061655e-11,True,-0.8661899897854954,large,-3.0,ACT+Debugger
gpt-4o,cc,passing,Basic,AC,R,Single,127,249.5,1.969342053613858e-06,1.969342053613858e-05,True,-0.7083576855639977,large,-1.0,AC
gpt-4o,cc,passing,Basic,ACT,"R,T",Compound,127,236.5,6.908985757727717e-07,8.981681485046032e-06,True,-0.7327683615819209,large,-1.0,ACT
gpt-4o,cc,passing,Basic,Debugger,D,Single,127,11.0,0.3148287568981609,1.0,False,-0.3888888888888889,moderate,0.0,Debugger
gpt-4o,cc,passing,Basic,AC+Debugger,"R,D",Compound,127,24.0,0.719349055744894,1.0,False,0.12727272727272726,small,0.0,Basic
gpt-4o,cc,passing,Basic,ACT+Debugger,"R,T,D",Compound,127,311.0,1.3395203503118131e-06,1.4734723853429944e-05,True,-0.691468253968254,large,-1.0,ACT+Debugger
gpt-4o,cc,passing,AC,ACT,T,Single,127,222.5,0.6052666306124982,1.0,False,-0.1028225806451613,small,0.0,ACT
gpt-4o,cc,passing,AC,Debugger,R<->D,Swap,127,253.5,6.724415696605974e-06,5.379532557284779e-05,True,0.6823308270676691,large,1.0,AC
gpt-4o,cc,passing,AC,AC+Debugger,D,Single,127,211.5,4.1733801031626594e-07,5.842732144427723e-06,True,0.7527761542957335,large,1.0,AC
gpt-4o,cc,passing,AC,ACT+Debugger,"T,D",Compound,127,213.5,0.691656022939087,1.0,False,-0.08172043010752689,negligible,0.0,ACT+Debugger
gpt-4o,cc,passing,ACT,Debugger,"R,T,D",Compound,127,251.0,1.102254142456126e-05,7.715778997192882e-05,True,0.674025974025974,large,1.0,ACT
gpt-4o,cc,passing,ACT,AC+Debugger,T<->D,Swap,127,225.5,7.806972030805056e-07,9.368366436966068e-06,True,0.7364114552893045,large,1.0,ACT
gpt-4o,cc,passing,ACT,ACT+Debugger,D,Single,127,172.0,0.9285465910920561,1.0,False,0.019943019943019943,negligible,0.0,ACT
gpt-4o,cc,passing,Debugger,AC+Debugger,R,Single,127,4.0,0.16820413904818,1.0,False,0.6190476190476191,large,0.0,Debugger
gpt-4o,cc,passing,Debugger,ACT+Debugger,"R,T",Compound,127,248.5,1.9820298035515112e-06,1.969342053613858e-05,True,-0.7095265926358855,large,-1.0,ACT+Debugger
gpt-4o,cc,passing,AC+Debugger,ACT+Debugger,T,Single,127,185.0,8.802837209489044e-08,1.3204255814233566e-06,True,-0.7909604519774012,large,-1.0,ACT+Debugger
gpt-4o,halstead_volume,passing,Basic,AC,R,Single,127,681.0,6.673749320555932e-06,8.675874116722712e-05,True,-0.5796296296296296,large,-22.529325012980816,AC
gpt-4o,halstead_volume,passing,Basic,ACT,"R,T",Compound,127,661.0,1.975165927870918e-05,0.00021726825206580097,True,-0.5597735597735598,large,-22.529325012980816,ACT
gpt-4o,halstead_volume,passing,Basic,Debugger,D,Single,127,21.0,0.08686008151624075,0.5211604890974445,False,-0.5384615384615384,large,0.0,Debugger
gpt-4o,halstead_volume,passing,Basic,AC+Debugger,"R,D",Compound,127,16.0,0.24112136827741837,0.9644854731096735,False,-0.41818181818181815,moderate,0.0,AC+Debugger
gpt-4o,halstead_volume,passing,Basic,ACT+Debugger,"R,T,D",Compound,127,586.5,4.261487126224543e-07,6.392230689336814e-06,True,-0.6467931345980127,large,-20.490224995673064,ACT+Debugger
gpt-4o,halstead_volume,passing,AC,ACT,T,Single,127,408.0,0.5864892088440048,1.0,False,0.09634551495016612,negligible,0.0,AC
gpt-4o,halstead_volume,passing,AC,Debugger,R<->D,Swap,127,717.0,6.793591752058564e-05,0.0006114232576852707,True,0.5224775224775224,large,22.529325012980816,AC
gpt-4o,halstead_volume,passing,AC,AC+Debugger,D,Single,127,731.0,5.5293818519877495e-05,0.0005529381851987749,True,0.5254787406686141,large,22.529325012980816,AC
gpt-4o,halstead_volume,passing,AC,ACT+Debugger,"T,D",Compound,127,401.0,0.5277561255172449,1.0,False,-0.11184939091915837,small,2.039100017307753,ACT+Debugger
gpt-4o,halstead_volume,passing,ACT,Debugger,"R,T,D",Compound,127,850.5,0.000588678475123609,0.004709427800988872,True,0.44790652385589097,moderate,22.529325012980816,ACT
gpt-4o,halstead_volume,passing,ACT,AC+Debugger,T<->D,Swap,127,837.0,0.0007407597809581564,0.005185318466707095,True,0.44255744255744256,moderate,22.529325012980816,ACT
gpt-4o,halstead_volume,passing,ACT,ACT+Debugger,D,Single,127,359.5,0.3575449949127846,1.0,False,-0.16492450638792103,small,2.039100017307753,ACT+Debugger
gpt-4o,halstead_volume,passing,Debugger,AC+Debugger,R,Single,127,8.0,0.16142946236708322,0.8071473118354161,False,0.5555555555555556,large,0.0,Debugger
gpt-4o,halstead_volume,passing,Debugger,ACT+Debugger,"R,T",Compound,127,672.0,5.44165317618237e-06,7.618314446655318e-05,True,-0.5851851851851851,large,-20.490224995673064,ACT+Debugger
gpt-4o,halstead_volume,passing,AC+Debugger,ACT+Debugger,T,Single,127,659.0,6.759887353657051e-06,8.675874116722712e-05,True,-0.5829113924050633,large,-20.490224995673064,ACT+Debugger
gpt-4o,halstead_difficulty,passing,Basic,AC,R,Single,127,414.0,9.182494504013936e-08,1.1018993404816722e-06,True,-0.7094736842105264,large,-0.8,AC
gpt-4o,halstead_difficulty,passing,Basic,ACT,"R,T",Compound,127,466.0,3.240769930309187e-06,2.9166929372782683e-05,True,-0.6353677621283255,large,-1.0,ACT
gpt-4o,halstead_difficulty,passing,Basic,Debugger,D,Single,127,22.0,0.18200181553631234,0.9100090776815617,False,-0.4358974358974359,moderate,0.0,Debugger
gpt-4o,halstead_difficulty,passing,Basic,AC+Debugger,"R,D",Compound,127,17.0,0.5146697234497355,1.0,False,-0.24444444444444444,small,0.0,AC+Debugger
gpt-4o,halstead_difficulty,passing,Basic,ACT+Debugger,"R,T,D",Compound,127,386.5,2.3896101527597116e-08,3.5844152291395674e-07,True,-0.7358168147641831,large,-0.875,ACT+Debugger
gpt-4o,halstead_difficulty,passing,AC,ACT,T,Single,127,419.0,0.8813762048208957,1.0,False,-0.026713124274099883,negligible,-0.19999999999999996,ACT
gpt-4o,halstead_difficulty,passing,AC,Debugger,R<->D,Swap,127,408.5,3.673297073710167e-07,4.040626781081183e-06,True,0.689117199391172,large,0.8,AC
gpt-4o,halstead_difficulty,passing,AC,AC+Debugger,D,Single,127,427.5,3.816679791877615e-07,4.040626781081183e-06,True,0.6834505738615327,large,0.8,AC
gpt-4o,halstead_difficulty,passing,AC,ACT+Debugger,"T,D",Compound,127,336.0,0.14859501924915203,0.8915701154949122,False,-0.2558139534883721,small,-0.07499999999999996,ACT+Debugger
gpt-4o,halstead_difficulty,passing,ACT,Debugger,"R,T,D",Compound,127,540.0,8.277946812112989e-06,5.7945627684790925e-05,True,0.6001480932987783,large,1.0,ACT
gpt-4o,halstead_difficulty,passing,ACT,AC+Debugger,T<->D,Swap,127,509.0,6.194815692230422e-06,4.9558525537843375e-05,True,0.6126331811263318,large,1.0,ACT
gpt-4o,halstead_difficulty,passing,ACT,ACT+Debugger,D,Single,127,312.0,0.18731192958960163,0.9100090776815617,False,-0.23902439024390243,small,0.125,ACT+Debugger
gpt-4o,halstead_difficulty,passing,Debugger,AC+Debugger,R,Single,127,10.0,0.2626182904425206,0.9100090776815617,False,0.4444444444444444,moderate,0.0,Debugger
gpt-4o,halstead_difficulty,passing,Debugger,ACT+Debugger,"R,T",Compound,127,406.5,7.256259891259198e-08,9.433137858636958e-07,True,-0.7147368421052631,large,-0.875,ACT+Debugger
gpt-4o,halstead_difficulty,passing,AC+Debugger,ACT+Debugger,T,Single,127,379.5,5.414765085479299e-08,7.580671119671019e-07,True,-0.7264864864864865,large,-0.875,ACT+Debugger
gpt-4o,halstead_effort,passing,Basic,AC,R,Single,127,653.0,3.51632770678005e-06,4.92285878949207e-05,True,-0.5969135802469135,large,-52.82703151907023,AC
gpt-4o,halstead_effort,passing,Basic,ACT,"R,T",Compound,127,682.0,3.168232035766394e-05,0.0003485055239343033,True,-0.5457875457875457,large,-60.568425030288566,ACT
gpt-4o,halstead_effort,passing,Basic,Debugger,D,Single,127,24.0,0.13295729296233563,0.7977437577740139,False,-0.4725274725274725,moderate,0.0,Debugger
gpt-4o,halstead_effort,passing,Basic,AC+Debugger,"R,D",Compound,127,15.0,0.20262160771231197,0.8104864308492479,False,-0.45454545454545453,moderate,0.0,AC+Debugger
gpt-4o,halstead_effort,passing,Basic,ACT+Debugger,"R,T,D",Compound,127,542.5,1.4091212305085528e-07,2.1136818457628293e-06,True,-0.673291177356218,large,-52.82703151907023,ACT+Debugger
gpt-4o,halstead_effort,passing,AC,ACT,T,Single,127,424.0,0.7309484217151945,0.9676797027871364,False,0.06090808416389812,negligible,-7.741393511218334,AC
gpt-4o,halstead_effort,passing,AC,Debugger,R<->D,Swap,127,685.0,3.385722148638092e-05,0.0003485055239343033,True,0.5437895437895438,large,52.82703151907023,AC
gpt-4o,halstead_effort,passing,AC,AC+Debugger,D,Single,127,713.0,3.761592024419654e-05,0.0003485055239343033,True,0.537163258682246,large,52.82703151907023,AC
gpt-4o,halstead_effort,passing,AC,ACT+Debugger,"T,D",Compound,127,370.0,0.2136025955796621,0.8104864308492479,False,-0.21775898520084566,small,0.0,ACT+Debugger
gpt-4o,halstead_effort,passing,ACT,Debugger,"R,T,D",Compound,127,851.0,0.0005941724698942245,0.004753379759153796,True,0.4475819539110678,moderate,60.568425030288566,ACT
gpt-4o,halstead_effort,passing,ACT,AC+Debugger,T<->D,Swap,127,846.0,0.0008737402222374275,0.006116181555661992,True,0.43656343656343655,moderate,60.568425030288566,ACT
gpt-4o,halstead_effort,passing,ACT,ACT+Debugger,D,Single,127,316.5,0.139603702882346,0.7977437577740139,False,-0.26480836236933797,small,7.741393511218334,ACT+Debugger
gpt-4o,halstead_effort,passing,Debugger,AC+Debugger,R,Single,127,13.0,0.4838398513935682,0.9676797027871364,False,0.2777777777777778,small,0.0,Debugger
gpt-4o,halstead_effort,passing,Debugger,ACT+Debugger,"R,T",Compound,127,660.0,4.133621729333829e-06,5.373708248133978e-05,True,-0.5925925925925926,large,-52.82703151907023,ACT+Debugger
gpt-4o,halstead_effort,passing,AC+Debugger,ACT+Debugger,T,Single,127,664.0,7.5816546752763265e-06,9.097985610331592e-05,True,-0.579746835443038,large,-52.82703151907023,ACT+Debugger
gpt-4o-mini,sloc,primary,Basic,AC,R,Single,164,526.0,1.4702495475971683e-19,2.2053743213957527e-18,True,-0.8887125780175605,large,-3.5,AC
gpt-4o-mini,sloc,primary,Basic,ACT,"R,T",Compound,164,1009.0,6.225979475349794e-17,6.848577422884774e-16,True,-0.804001554001554,large,-3.0,ACT
gpt-4o-mini,sloc,primary,Basic,Debugger,D,Single,164,73.0,0.86682580212015,1.0,False,0.0457516339869281,negligible,0.0,Basic
gpt-4o-mini,sloc,primary,Basic,AC+Debugger,"R,D",Compound,164,105.5,0.7272071004999883,1.0,False,0.08658008658008658,negligible,0.0,Basic
gpt-4o-mini,sloc,primary,Basic,ACT+Debugger,"R,T,D",Compound,164,735.0,2.1590699574527695e-17,2.5908839489433236e-16,True,-0.8398692810457516,large,-3.0,ACT+Debugger
gpt-4o-mini,sloc,primary,AC,ACT,T,Single,164,2036.5,0.28410962399076745,1.0,False,0.1252147766323024,small,0.5,AC
gpt-4o-mini,sloc,primary,AC,Debugger,R<->D,Swap,164,642.5,2.3087689763700565e-18,3.001399669281073e-17,True,0.8620652640618292,large,3.5,AC
gpt-4o-mini,sloc,primary,AC,AC+Debugger,D,Single,164,624.5,1.6314960753806634e-18,2.2840945055329287e-17,True,0.865929583512237,large,3.5,AC
gpt-4o-mini,sloc,primary,AC,ACT+Debugger,"T,D",Compound,164,1885.5,0.24788878734289943,1.0,False,0.13726835964310227,small,0.5,AC
gpt-4o-mini,sloc,primary,ACT,Debugger,"R,T,D",Compound,164,1027.5,3.80570594078029e-16,3.044564752624232e-15,True,0.7917933130699089,large,3.0,ACT
gpt-4o-mini,sloc,primary,ACT,AC+Debugger,T<->D,Swap,164,1018.5,1.9854654112901257e-16,1.9854654112901255e-15,True,0.7965238237938268,large,3.0,ACT
gpt-4o-mini,sloc,primary,ACT,ACT+Debugger,D,Single,164,2220.5,0.6924704635477914,1.0,False,0.046176975945017185,negligible,0.0,ACT
gpt-4o-mini,sloc,primary,Debugger,AC+Debugger,R,Single,164,57.0,0.8641063156038269,1.0,False,0.05,negligible,0.0,Debugger
gpt-4o-mini,sloc,primary,Debugger,ACT+Debugger,"R,T",Compound,164,872.0,4.53162907907296e-16,3.172140355351072e-15,True,-0.8071862907683803,large,-3.0,ACT+Debugger
gpt-4o-mini,sloc,primary,AC+Debugger,ACT+Debugger,T,Single,164,858.5,2.163981387796492e-16,1.9854654112901255e-15,True,-0.812962962962963,large,-3.0,ACT+Debugger
gpt-4o-mini,cc,primary,Basic,AC,R,Single,164,673.0,1.3237202128354371e-12,1.456092234118981e-11,True,-0.7754795663052544,large,-1.0,AC
gpt-4o-mini,cc,primary,Basic,ACT,"R,T",Compound,164,680.5,8.85600084746809e-13,1.0627201016961708e-11,True,-0.777067977067977,large,-1.0,ACT
gpt-4o-mini,cc,primary,Basic,Debugger,D,Single,164,53.0,0.6869077233670662,1.0,False,-0.11666666666666667,small,0.0,Debugger
gpt-4o-mini,cc,primary,Basic,AC+Debugger,"R,D",Compound,164,34.0,0.41538928559001387,1.0,False,-0.25274725274725274,small,0.0,AC+Debugger
gpt-4o-mini,cc,primary,Basic,ACT+Debugger,"R,T,D",Compound,164,547.0,3.745766111584441e-15,5.244072556218218e-14,True,-0.8359820089955022,large,-2.0,ACT+Debugger
gpt-4o-mini,cc,primary,AC,ACT,T,Single,164,1486.5,0.784644510982027,1.0,False,0.035053554040895815,negligible,0.0,AC
gpt-4o-mini,cc,primary,AC,Debugger,R<->D,Swap,164,721.0,3.729300388460965e-12,2.983440310768772e-11,True,0.759466221851543,large,1.0,AC
gpt-4o-mini,cc,primary,AC,AC+Debugger,D,Single,164,655.5,2.3922700348187436e-12,2.2178702901267107e-11,True,0.773104880581516,large,1.0,AC
gpt-4o-mini,cc,primary,AC,ACT+Debugger,"T,D",Compound,164,1155.5,0.3627485999233667,1.0,False,-0.12062404870624048,small,-1.0,ACT+Debugger
gpt-4o-mini,cc,primary,ACT,Debugger,"R,T,D",Compound,164,797.0,6.4317431737733926e-12,4.5022202216413746e-11,True,0.7435649935649936,large,1.0,ACT
gpt-4o-mini,cc,primary,ACT,AC+Debugger,T<->D,Swap,164,700.5,2.2178702901267107e-12,2.2178702901267107e-11,True,0.7663052543786488,large,1.0,ACT
gpt-4o-mini,cc,primary,ACT,ACT+Debugger,D,Single,164,1252.0,0.19195361650190623,1.0,False,-0.16616716616716617,small,-1.0,ACT+Debugger
gpt-4o-mini,cc,primary,Debugger,AC+Debugger,R,Single,164,13.5,0.9320385634920316,1.0,False,-0.03571428571428571,negligible,0.0,AC+Debugger
gpt-4o-mini,cc,primary,Debugger,ACT+Debugger,"R,T",Compound,164,546.5,2.7713783534882994e-14,3.602791859534789e-13,True,-0.8241634491634492,large,-2.0,ACT+Debugger
gpt-4o-mini,cc,primary,AC+Debugger,ACT+Debugger,T,Single,164,436.0,3.0427977605943586e-15,4.564196640891538e-14,True,-0.8571662571662572,large,-2.0,ACT+Debugger
gpt-4o-mini,halstead_volume,primary,Basic,AC,R,Single,164,1513.5,5.044904455265386e-10,5.5493949007919244e-09,True,-0.6333575581395349,large,-15.349122328591648,AC
gpt-4o-mini,halstead_volume,primary,Basic,ACT,"R,T",Compound,164,1517.0,4.1294695893466456e-11,5.368310466150639e-10,True,-0.659521939176299,large,-21.967318879572318,ACT
gpt-4o-mini,halstead_volume,primary,Basic,Debugger,D,Single,164,129.0,0.36738549088127304,1.0,False,-0.20615384615384616,small,0.0,Debugger
gpt-4o-mini,halstead_volume,primary,Basic,AC+Debugger,"R,D",Compound,164,121.0,0.26414963406386194,1.0,False,-0.2553846153846154,small,0.0,AC+Debugger
gpt-4o-mini,halstead_volume,primary,Basic,ACT+Debugger,"R,T,D",Compound,164,1149.0,5.076181083521501e-13,7.614271625282251e-12,True,-0.7301233118027011,large,-22.130482042116306,ACT+Debugger
gpt-4o-mini,halstead_volume,primary,AC,ACT,T,Single,164,2350.0,0.7890532108509929,1.0,False,0.031127602556173986,negligible,-6.61819655098067,AC
gpt-4o-mini,halstead_volume,primary,AC,Debugger,R<->D,Swap,164,1626.5,2.6983636633549953e-09,2.6983636633549955e-08,True,0.6059835271317829,large,15.349122328591648,AC
gpt-4o-mini,halstead_volume,primary,AC,AC+Debugger,D,Single,164,1598.0,2.962229451815031e-09,2.6983636633549955e-08,True,0.6067913385826772,large,15.349122328591648,AC
gpt-4o-mini,halstead_volume,primary,AC,ACT+Debugger,"T,D",Compound,164,2088.5,0.587119107246965,1.0,False,-0.064501679731243,negligible,-6.781359713524658,ACT+Debugger
gpt-4o-mini,halstead_volume,primary,ACT,Debugger,"R,T,D",Compound,164,1733.0,4.458561162253821e-09,3.5668489298030567e-08,True,0.592953611274222,large,21.967318879572318,ACT
gpt-4o-mini,halstead_volume,primary,ACT,AC+Debugger,T<->D,Swap,164,1780.5,5.195769193254009e-09,3.637038435277806e-08,True,0.5881332408049965,large,21.967318879572318,ACT
gpt-4o-mini,halstead_volume,primary,ACT,ACT+Debugger,D,Single,164,2190.0,0.3198641303296914,1.0,False,-0.11515151515151516,small,-0.163163162543988,ACT+Debugger
gpt-4o-mini,halstead_volume,primary,Debugger,AC+Debugger,R,Single,164,53.0,0.43796657516602056,1.0,False,-0.22058823529411764,small,0.0,AC+Debugger
gpt-4o-mini,halstead_volume,primary,Debugger,ACT+Debugger,"R,T",Compound,164,1503.0,1.5471739731700508e-10,1.8566087678040608e-09,True,-0.6469759248385203,large,-22.130482042116306,ACT+Debugger
gpt-4o-mini,halstead_volume,primary,AC+Debugger,ACT+Debugger,T,Single,164,1404.0,3.341016920537926e-11,4.677423688753096e-10,True,-0.6702290076335878,large,-22.130482042116306,ACT+Debugger
gpt-4o-mini,halstead_difficulty,primary,Basic,AC,R,Single,164,1124.5,1.464394934060152e-12,1.9037134142781978e-11,True,-0.7233021653543307,large,-0.8095238095238093,AC
gpt-4o-mini,halstead_difficulty,primary,Basic,ACT,"R,T",Compound,164,1295.0,3.344514264319673e-12,3.67896569075164e-11,True,-0.7004395095998149,large,-0.7857142857142856,ACT
gpt-4o-mini,halstead_difficulty,primary,Basic,Debugger,D,Single,164,141.5,0.8080680535771225,1.0,False,-0.056666666666666664,negligible,0.0,Debugger
gpt-4o-mini,halstead_difficulty,primary,Basic,AC+Debugger,"R,D",Compound,164,110.5,0.2589571333843418,1.0,False,-0.2633333333333333,small,0.0,AC+Debugger
gpt-4o-mini,halstead_difficulty,primary,Basic,ACT+Debugger,"R,T,D",Compound,164,947.5,3.728266595212513e-14,5.592399892818769e-13,True,-0.7704699612403101,large,-0.9722222222222223,ACT+Debugger
gpt-4o-mini,halstead_difficulty,primary,AC,ACT,T,Single,164,2315.0,0.9620876183121533,1.0,False,-0.005584192439862543,negligible,0.023809523809523725,ACT
gpt-4o-mini,halstead_difficulty,primary,AC,Debugger,R<->D,Swap,164,1277.5,3.287289600115514e-11,2.9585606401039627e-10,True,0.6806649168853893,large,0.8095238095238093,AC
gpt-4o-mini,halstead_difficulty,primary,AC,AC+Debugger,D,Single,164,1192.5,1.3158704808052133e-11,1.3158704808052134e-10,True,0.6971428571428572,large,0.8095238095238093,AC
gpt-4o-mini,halstead_difficulty,primary,AC,ACT+Debugger,"T,D",Compound,164,1781.0,0.28339716756177535,1.0,False,-0.13015873015873017,small,-0.162698412698413,ACT+Debugger
gpt-4o-mini,halstead_difficulty,primary,ACT,Debugger,"R,T,D",Compound,164,1385.0,6.624999747759044e-11,5.299999798207235e-10,True,0.6644864341085271,large,0.7857142857142856,ACT
gpt-4o-mini,halstead_difficulty,primary,ACT,AC+Debugger,T<->D,Swap,164,1468.5,1.4685960404714586e-10,1.028017228330021e-09,True,0.649731663685152,large,0.7857142857142856,ACT
gpt-4o-mini,halstead_difficulty,primary,ACT,ACT+Debugger,D,Single,164,2003.5,0.30447022218828257,1.0,False,-0.1212719298245614,small,-0.18650793650793673,ACT+Debugger
gpt-4o-mini,halstead_difficulty,primary,Debugger,AC+Debugger,R,Single,164,63.0,0.5227810104666994,1.0,False,-0.17647058823529413,small,0.0,AC+Debugger
gpt-4o-mini,halstead_difficulty,primary,Debugger,ACT+Debugger,"R,T",Compound,164,1191.0,2.7590186747324973e-12,3.3108224096789966e-11,True,-0.7114825581395349,large,-0.9722222222222223,ACT+Debugger
gpt-4o-mini,halstead_difficulty,primary,AC+Debugger,ACT+Debugger,T,Single,164,1133.0,1.0197548854890605e-12,1.4276568396846847e-11,True,-0.7255329457364341,large,-0.9722222222222223,ACT+Debugger
gpt-4o-mini,halstead_effort,primary,Basic,AC,R,Single,164,1636.5,3.1194104006350127e-09,3.431351440698514e-08,True,-0.6035610465116279,large,-59.13567084017694,AC
gpt-4o-mini,halstead_effort,primary,Basic,ACT,"R,T",Compound,164,1614.0,1.7534885833457884e-10,2.4548840166841036e-09,True,-0.6377510941532937,large,-73.80131728667973,ACT
gpt-4o-mini,halstead_effort,primary,Basic,Debugger,D,Single,164,126.0,0.326049462728915,1.0,False,-0.2246153846153846,small,0.0,Debugger
gpt-4o-mini,halstead_effort,primary,Basic,AC+Debugger,"R,D",Compound,164,115.0,0.20122181638043513,1.0,False,-0.2923076923076923,small,0.0,AC+Debugger
gpt-4o-mini,halstead_effort,primary,Basic,ACT+Debugger,"R,T,D",Compound,164,1283.0,4.783154228999649e-12,7.174731343499473e-11,True,-0.6986494421608925,large,-80.10767252552894,ACT+Debugger
gpt-4o-mini,halstead_effort,primary,AC,ACT,T,Single,164,2413.0,0.8286775514211796,1.0,False,-0.025050505050505052,negligible,-14.665646446502791,ACT
gpt-4o-mini,halstead_effort,primary,AC,Debugger,R<->D,Swap,164,1773.5,2.151202956876953e-08,1.9360826611892576e-07,True,0.5703730620155039,large,59.13567084017694,AC
gpt-4o-mini,halstead_effort,primary,AC,AC+Debugger,D,Single,164,1765.0,3.168832272076446e-08,2.5350658176611566e-07,True,0.5656988188976378,large,59.13567084017694,AC
gpt-4o-mini,halstead_effort,primary,AC,ACT+Debugger,"T,D",Compound,164,2055.5,0.5044805268791392,1.0,False,-0.07928331466965285,negligible,-20.972001685351998,ACT+Debugger
gpt-4o-mini,halstead_effort,primary,ACT,Debugger,"R,T,D",Compound,164,1825.0,1.581940771177308e-08,1.5819407711773079e-07,True,0.5713446858485026,large,73.80131728667973,ACT
gpt-4o-mini,halstead_effort,primary,ACT,AC+Debugger,T<->D,Swap,164,2004.5,1.0029409139666907e-07,7.020586397766835e-07,True,0.5363173721952348,large,73.80131728667973,ACT
gpt-4o-mini,halstead_effort,primary,ACT,ACT+Debugger,D,Single,164,2296.0,0.5321257982442746,1.0,False,-0.07232323232323232,negligible,-6.306355238849207,ACT+Debugger
gpt-4o-mini,halstead_effort,primary,Debugger,AC+Debugger,R,Single,164,56.0,0.33183160809268897,1.0,False,-0.2679738562091503,small,0.0,AC+Debugger
gpt-4o-mini,halstead_effort,primary,Debugger,ACT+Debugger,"R,T",Compound,164,1679.0,2.0768793712887266e-09,2.4922552455464717e-08,True,-0.6056371109806225,large,-80.10767252552894,ACT+Debugger
gpt-4o-mini,halstead_effort,primary,AC+Debugger,ACT+Debugger,T,Single,164,1592.0,5.871520121446752e-10,7.632976157880777e-09,True,-0.6260716382853787,large,-80.10767252552894,ACT+Debugger
gpt-4o-mini,sloc,passing,Basic,AC,R,Single,124,290.0,3.311315762319818e-15,4.9669736434797274e-14,True,-0.8917102315160568,large,-3.0,AC
gpt-4o-mini,sloc,passing,Basic,ACT,"R,T",Compound,124,389.0,1.7288685906606746e-14,2.0746423087928094e-13,True,-0.8601976639712489,large,-3.0,ACT
gpt-4o-mini,sloc,passing,Basic,Debugger,D,Single,124,10.0,0.495868184540851,1.0,False,-0.2857142857142857,small,0.0,Debugger
gpt-4o-mini,sloc,passing,Basic,AC+Debugger,"R,D",Compound,124,28.0,0.6553647804541406,1.0,False,0.15151515151515152,small,0.0,Basic
gpt-4o-mini,sloc,passing,Basic,ACT+Debugger,"R,T,D",Compound,124,280.0,1.030993142066405e-14,1.4433903988929668e-13,True,-0.8891089108910891,large,-3.0,ACT+Debugger
gpt-4o-mini,sloc,passing,AC,ACT,T,Single,124,983.0,0.7012038127386688,1.0,False,0.05480769230769231,negligible,0.0,AC
gpt-4o-mini,sloc,passing,AC,Debugger,R<->D,Swap,124,354.0,2.8370157081755465e-14,2.553314137357992e-13,True,0.86521987435751,large,3.0,AC
gpt-4o-mini,sloc,passing,AC,AC+Debugger,D,Single,124,333.0,1.0376759904745333e-14,1.4433903988929668e-13,True,0.8756534727408514,large,3.0,AC
gpt-4o-mini,sloc,passing,AC,ACT+Debugger,"T,D",Compound,124,865.5,0.7132918498119628,1.0,False,-0.054098360655737705,negligible,0.0,ACT+Debugger
gpt-4o-mini,sloc,passing,ACT,Debugger,"R,T,D",Compound,124,444.0,1.0949313499769073e-13,8.759450799815258e-13,True,0.8373626373626374,large,3.0,ACT
gpt-4o-mini,sloc,passing,ACT,AC+Debugger,T<->D,Swap,124,377.0,2.0726982270974388e-14,2.2799680498071827e-13,True,0.861904761904762,large,3.0,ACT
gpt-4o-mini,sloc,passing,ACT,ACT+Debugger,D,Single,124,1012.5,0.6925457086665321,1.0,False,-0.055944055944055944,negligible,0.0,ACT+Debugger
gpt-4o-mini,sloc,passing,Debugger,AC+Debugger,R,Single,124,8.0,0.30701389803382517,1.0,False,0.42857142857142855,moderate,0.0,Debugger
gpt-4o-mini,sloc,passing,Debugger,ACT+Debugger,"R,T",Compound,124,392.5,1.2519513292717774e-13,8.763659304902442e-13,True,-0.8476024072995535,large,-3.0,ACT+Debugger
gpt-4o-mini,sloc,passing,AC+Debugger,ACT+Debugger,T,Single,124,327.5,2.3195756519312374e-14,2.3195756519312373e-13,True,-0.8728402251989905,large,-3.0,ACT+Debugger
gpt-4o-mini,cc,passing,Basic,AC,R,Single,124,195.0,8.598495685171605e-12,8.598495685171606e-11,True,-0.8765822784810127,large,-1.0,AC
gpt-4o-mini,cc,passing,Basic,ACT,"R,T",Compound,124,265.0,4.9808359738584674e-11,3.984668779086774e-10,True,-0.8364197530864198,large,-1.0,ACT
gpt-4o-mini,cc,passing,Basic,Debugger,D,Single,124,9.0,0.7518296340458492,1.0,False,-0.14285714285714285,small,0.0,Debugger
gpt-4o-mini,cc,passing,Basic,AC+Debugger,"R,D",Compound,124,4.5,0.8539232992870668,1.0,False,0.1,small,0.0,Basic
gpt-4o-mini,cc,passing,Basic,ACT+Debugger,"R,T,D",Compound,124,170.5,2.2580018297743606e-13,3.161202561684105e-12,True,-0.906703146374829,large,-1.0,ACT+Debugger
gpt-4o-mini,cc,passing,AC,ACT,T,Single,124,548.0,0.37658463585158486,1.0,False,0.1403921568627451,small,0.0,AC
gpt-4o-mini,cc,passing,AC,Debugger,R<->D,Swap,124,163.5,7.096780798798249e-12,7.806458878678074e-11,True,0.8911088911088911,large,1.0,AC
gpt-4o-mini,cc,passing,AC,AC+Debugger,D,Single,124,99.0,1.011278120936386e-12,1.2135337451236633e-11,True,0.9323308270676691,large,1.0,AC
gpt-4o-mini,cc,passing,AC,ACT+Debugger,"T,D",Compound,124,460.5,0.3694690757900396,1.0,False,-0.14801110083256244,small,0.0,ACT+Debugger
gpt-4o-mini,cc,passing,ACT,Debugger,"R,T,D",Compound,124,282.0,8.677323706207059e-11,6.074126594344941e-10,True,0.825925925925926,large,1.0,ACT
gpt-4o-mini,cc,passing,ACT,AC+Debugger,T<->D,Swap,124,212.5,1.3820490680586568e-11,1.2438441612527912e-10,True,0.865506329113924,large,1.0,ACT
gpt-4o-mini,cc,passing,ACT,ACT+Debugger,D,Single,124,403.0,0.028933143384665357,0.17359886030799215,False,-0.3420408163265306,moderate,0.0,ACT+Debugger
gpt-4o-mini,cc,passing,Debugger,AC+Debugger,R,Single,124,1.0,0.6547208460185769,1.0,False,0.3333333333333333,moderate,0.0,Debugger
gpt-4o-mini,cc,passing,Debugger,ACT+Debugger,"R,T",Compound,124,178.5,4.808575876923957e-13,6.251148640001144e-12,True,-0.9,large,-1.0,ACT+Debugger
gpt-4o-mini,cc,passing,AC+Debugger,ACT+Debugger,T,Single,124,105.5,6.122289803458511e-14,9.183434705187768e-13,True,-0.9394721744119334,large,-1.0,ACT+Debugger
gpt-4o-mini,halstead_volume,passing,Basic,AC,R,Single,124,501.0,1.0865980623216781e-10,1.4125774810181816e-09,True,-0.7707618393960192,large,-20.623361339755817,AC
gpt-4o-mini,halstead_volume,passing,Basic,ACT,"R,T",Compound,124,636.0,6.281209179267073e-10,6.909330097193781e-09,True,-0.7268041237113402,large,-21.528056006574857,ACT
gpt-4o-mini,halstead_volume,passing,Basic,Debugger,D,Single,124,8.0,0.04685328478814714,0.2811197087288828,False,-0.7090909090909091,large,-4.113595294919634,Debugger
gpt-4o-mini,halstead_volume,passing,Basic,AC+Debugger,"R,D",Compound,124,24.0,0.4235963177660037,1.0,False,-0.2727272727272727,small,-1.4013076744690807,AC+Debugger
gpt-4o-mini,halstead_volume,passing,Basic,ACT+Debugger,"R,T,D",Compound,124,459.5,3.242732168764484e-12,4.864098253146726e-11,True,-0.8105545248402392,large,-23.178098291574074,ACT+Debugger
gpt-4o-mini,halstead_volume,passing,AC,ACT,T,Single,124,964.0,0.3660400492968007,1.0,False,0.127996381727725,small,-0.9046946668190401,AC
gpt-4o-mini,halstead_volume,passing,AC,Debugger,R<->D,Swap,124,653.0,7.1917466529247885e-09,6.47257198763231e-08,True,0.6947171575502571,large,16.509766044836184,AC
gpt-4o-mini,halstead_volume,passing,AC,AC+Debugger,D,Single,124,475.0,1.5139705876515216e-10,1.8167647051818259e-09,True,0.7730530339225992,large,19.222053665286737,AC
gpt-4o-mini,halstead_volume,passing,AC,ACT+Debugger,"T,D",Compound,124,803.5,0.41174635785984137,1.0,False,-0.12185792349726776,small,-2.5547369518182563,ACT+Debugger
gpt-4o-mini,halstead_volume,passing,ACT,Debugger,"R,T,D",Compound,124,815.0,5.3888913531071356e-08,3.7722239471749947e-07,True,0.6425438596491229,large,17.414460711655224,ACT
gpt-4o-mini,halstead_volume,passing,ACT,AC+Debugger,T<->D,Swap,124,727.0,8.183869757480866e-09,6.547095805984693e-08,True,0.6811403508771929,large,20.126748332105777,ACT
gpt-4o-mini,halstead_volume,passing,ACT,ACT+Debugger,D,Single,124,773.0,0.050318714670613905,0.2811197087288828,False,-0.27925407925407925,small,-1.6500422849992162,ACT+Debugger
gpt-4o-mini,halstead_volume,passing,Debugger,AC+Debugger,R,Single,124,6.0,0.17629637444051116,0.7051854977620446,False,0.5714285714285714,large,2.712287620450553,Debugger
gpt-4o-mini,halstead_volume,passing,Debugger,ACT+Debugger,"R,T",Compound,124,685.5,7.007632357362814e-10,7.007632357362814e-09,True,-0.717377860235003,large,-19.06450299665444,ACT+Debugger
gpt-4o-mini,halstead_volume,passing,AC+Debugger,ACT+Debugger,T,Single,124,478.5,8.517619324159851e-12,1.1924667053823793e-10,True,-0.7986534820113612,large,-21.776790617104993,ACT+Debugger
gpt-4o-mini,halstead_difficulty,passing,Basic,AC,R,Single,124,390.0,9.272030519993904e-12,1.1126436623992685e-10,True,-0.8176718092566619,large,-0.8,AC
gpt-4o-mini,halstead_difficulty,passing,Basic,ACT,"R,T",Compound,124,521.0,6.112507749565201e-11,6.1125077495652e-10,True,-0.7714912280701754,large,-1.05,ACT
gpt-4o-mini,halstead_difficulty,passing,Basic,Debugger,D,Single,124,15.0,0.3742593192802244,1.0,False,-0.3333333333333333,moderate,-0.06666666666666665,Debugger
gpt-4o-mini,halstead_difficulty,passing,Basic,AC+Debugger,"R,D",Compound,124,26.0,0.8784817434328712,1.0,False,0.05454545454545454,negligible,0.0,Basic
gpt-4o-mini,halstead_difficulty,passing,Basic,ACT+Debugger,"R,T,D",Compound,124,418.5,1.7297430729198815e-12,2.4216403020878342e-11,True,-0.8239006942983379,large,-1.1333333333333335,ACT+Debugger
gpt-4o-mini,halstead_difficulty,passing,AC,ACT,T,Single,124,1008.5,0.8329403983466092,1.0,False,0.03028846153846154,negligible,-0.25,AC
gpt-4o-mini,halstead_difficulty,passing,AC,Debugger,R<->D,Swap,124,452.5,1.3292034707681948e-10,1.0633627766145558e-09,True,0.778998778998779,large,0.7333333333333334,AC
gpt-4o-mini,halstead_difficulty,passing,AC,AC+Debugger,D,Single,124,320.5,5.643888384338032e-12,7.337054899639442e-11,True,0.8399500624219726,large,0.8,AC
gpt-4o-mini,halstead_difficulty,passing,AC,ACT+Debugger,"T,D",Compound,124,546.0,0.039694733422838704,0.23816840053703223,False,-0.3157894736842105,moderate,-0.3333333333333335,ACT+Debugger
gpt-4o-mini,halstead_difficulty,passing,ACT,Debugger,"R,T,D",Compound,124,596.0,1.0659305310291381e-09,7.461513717203967e-09,True,0.7272935255090368,large,0.9833333333333334,ACT
gpt-4o-mini,halstead_difficulty,passing,ACT,AC+Debugger,T<->D,Swap,124,485.0,6.788122967096295e-11,6.1125077495652e-10,True,0.7780828185769847,large,1.05,ACT
gpt-4o-mini,halstead_difficulty,passing,ACT,ACT+Debugger,D,Single,124,678.0,0.05438734397917186,0.2719367198958593,False,-0.2829190904283448,small,-0.08333333333333348,ACT+Debugger
gpt-4o-mini,halstead_difficulty,passing,Debugger,AC+Debugger,R,Single,124,5.0,0.12819017434510785,0.5127606973804314,False,0.6428571428571429,large,0.06666666666666665,Debugger
gpt-4o-mini,halstead_difficulty,passing,Debugger,ACT+Debugger,"R,T",Compound,124,523.0,3.9778241405569527e-11,4.3756065546126477e-10,True,-0.7753436426116839,large,-1.0666666666666669,ACT+Debugger
gpt-4o-mini,halstead_difficulty,passing,AC+Debugger,ACT+Debugger,T,Single,124,324.0,3.5667360196240193e-13,5.350104029436029e-12,True,-0.8578947368421053,large,-1.1333333333333335,ACT+Debugger
gpt-4o-mini,halstead_effort,passing,Basic,AC,R,Single,124,573.0,6.471073526897044e-10,7.765288232276451e-09,True,-0.7378174330816747,large,-59.76282110210897,AC
gpt-4o-mini,halstead_effort,passing,Basic,ACT,"R,T",Compound,124,696.0,2.462200196540084e-09,2.5378338527715703e-08,True,-0.7010309278350515,large,-68.45062695544888,ACT
gpt-4o-mini,halstead_effort,passing,Basic,Debugger,D,Single,124,11.0,0.09260069782067576,0.5556041869240546,False,-0.6,large,-3.1597165791110626,Debugger
gpt-4o-mini,halstead_effort,passing,Basic,AC+Debugger,"R,D",Compound,124,27.0,0.5937116848746408,1.0,False,-0.18181818181818182,small,0.0,AC+Debugger
gpt-4o-mini,halstead_effort,passing,Basic,ACT+Debugger,"R,T,D",Compound,124,506.5,1.0445154873399703e-11,1.5667732310099556e-10,True,-0.7911770768913626,large,-76.46769454040941,ACT+Debugger
gpt-4o-mini,halstead_effort,passing,AC,ACT,T,Single,124,1058.0,0.7615592452011833,1.0,False,0.04296698326549073,negligible,-8.68780585333991,AC
gpt-4o-mini,halstead_effort,passing,AC,Debugger,R<->D,Swap,124,716.0,3.0063452945459745e-08,2.4050762356367796e-07,True,0.6652641421224872,large,56.60310452299791,AC
gpt-4o-mini,halstead_effort,passing,AC,AC+Debugger,D,Single,124,510.0,3.7179193283791165e-10,4.833295126892852e-09,True,0.7563306258958433,large,59.76282110210897,AC
gpt-4o-mini,halstead_effort,passing,AC,ACT+Debugger,"T,D",Compound,124,774.5,0.3009902220062448,0.9468942825514293,False,-0.153551912568306,small,-16.70487343830044,ACT+Debugger
gpt-4o-mini,halstead_effort,passing,ACT,Debugger,"R,T,D",Compound,124,860.0,1.357266795854386e-07,9.500867570980703e-07,True,0.6228070175438597,large,65.29091037633782,ACT
gpt-4o-mini,halstead_effort,passing,ACT,AC+Debugger,T<->D,Swap,124,738.0,1.041700461452883e-08,9.375304153075947e-08,True,0.6763157894736842,large,68.45062695544888,ACT
gpt-4o-mini,halstead_effort,passing,ACT,ACT+Debugger,D,Single,124,855.0,0.15520994652416606,0.7760497326208303,False,-0.20279720279720279,small,-8.017067584960529,ACT+Debugger
gpt-4o-mini,halstead_effort,passing,Debugger,AC+Debugger,R,Single,124,7.0,0.23672357063785732,0.9468942825514293,False,0.5,large,3.1597165791110626,Debugger
gpt-4o-mini,halstead_effort,passing,Debugger,ACT+Debugger,"R,T",Compound,124,739.5,2.307121684337791e-09,2.5378338527715703e-08,True,-0.6951144094001237,large,-73.30797796129835,ACT+Debugger
gpt-4o-mini,halstead_effort,passing,AC+Debugger,ACT+Debugger,T,Single,124,499.5,1.438290662420572e-11,2.013606927388801e-10,True,-0.7898169577109194,large,-76.46769454040941,ACT+Debugger
